{
  "livingmotion_modifier": {
    "one_hand": {
      "idle": "epicfight:biped/living/idle",
      "run": "epicfight:biped/living/run",
      "block": "epicfight:biped/skill/guard_uchigatana",
      "walk": "epicfight:biped/living/walk"
    },
    "two_hand": {
      "idle": "epicfight:biped/living/hold_dual",
      "run": "epicfight:biped/living/run_dual",
      "block": "wom:biped/skill/moonless_guard",
      "walk": "epicfight:biped/living/walk"
    }
  },
  "styles": {
    "default": "one_hand",
    "cases": [
      {
        "conditions": [
          {
            "predicate": "epicfight:offhand_item_category",
            "category": "not_weapon"
          }
        ],
        "style": "one_hand"
      },
      {
        "conditions": [
          {
            "predicate": "epicfight:offhand_item_category",
            "category": "dagger"
          }
        ],
        "style": "two_hand"
      }
    ]
  },
  "collider": {
    "center": [
      0.0,
      0.0,
      -0.1
    ],
    "number": 3,
    "size": [
      0.4,
      0.4,
      0.6
    ]
  },
  "hit_particle": "wom:solar_hit",
  "offhand_item_compatible_predicate": [
    {
      "predicate": "epicfight:offhand_item_category",
      "category": "dagger"
    }
  ],
  "category": "dagger",
  "swing_sound": "epicfight:entity.weapon.whoosh_small",
  "combos": {
    "one_hand": [
      "wom:biped/combat/moonless_auto_1",
      "epicfight:biped/combat/trident_auto3",
      "wom:biped/combat/enderblaster_onehand_auto_2",
      "wom:biped/combat/enderblaster_onehand_auto_3",
      "wom:biped/combat/enderblaster_onehand_auto_4",
      "wom:biped/combat/enderblaster_onehand_dash",
      "wom:biped/combat/enderblaster_onehand_jumpkick"
    ],
    "two_hand": [
      "wom:biped/combat/moonless_auto_1",
      "wom:biped/combat/moonless_auto_2",
      "wom:biped/combat/moonless_auto_3_verso",
      "wom:biped/combat/moonless_crescent",
      "wom:biped/combat/herrscher_verdammnis",
      "wom:biped/combat/herrscher_ausrottung"
    ]
  },
  "hit_sound": "epicfight:entity.hit.blade",
  "innate_skills": {
    "one_hand": "epicfight:tsunami",
    "two_hand": "epicfight:blade_rush"
  }
}