{
  "collider": {
    "center": [
      0.0,
      0.0,
      -1.0
    ],
    "number": 5,
    "size": [
      0.5,
      0.8,
      1.0
    ]
  },
  "innate_skills": {
    "two_hand": "epicfight:steel_whirlwind"
  },
  "hit_particle": "wom:solar_hit",
  "styles": {
    "cases": [
      {
        "conditions": [
          {
            "category": "not_weapon",
            "predicate": "epicfight:offhand_item_category"
          }
        ],
        "style": "two_hand"
      }
    ],
    "default": "two_hand"
  },
  "swing_sound": "epicfight:entity.weapon.whoosh_hard",
  "category": "spear",
  "hit_sound": "epicfight:entity.hit.blade",
  "livingmotion_modifier": {
    "two_hand": {
      "idle": "cdmoveset:biped/new/dual_greatsword/living/greatsword_dual_idle",
      "run": "wom:biped/living/torment_run",
      "walk": "wom:biped/living/torment_walk",
      "block": "wom:biped/skill/ruine_block"
    }
  },
  "combos": {
    "two_hand": [
      "wom:biped/combat/torment_auto_1",
      "wom:biped/combat/ruine_auto_3",
      "wom:biped/combat/torment_auto_4",
      "wom:biped/combat/ruine_chatiment",
      "wom:biped/combat/solar_obscuridad_auto_4",
      "wom:biped/combat/solar_obscuridad_dinamita",
      "wom:biped/combat/torment_charged_attack_3"
    ]
  }
}