{
  "livingmotion_modifier": {
    "one_hand": {
      "idle": "epicfight:biped/living/idle",
      "block": "epicfight:biped/skill/guard_sword",
      "run": "epicfight:biped/living/run_dual",
      "walk": "epicfight:biped/living/walk"
    }
  },
  "styles": {
    "default": "one_hand",
    "cases": [
      {
        "conditions": [
          {
            "predicate": "epicfight:offhand_item_category",
            "category": "not_weapon"
          }
        ],
        "style": "one_hand"
      },
      {
        "conditions": [
          {
            "predicate": "epicfight:offhand_item_category",
            "category": "dagger"
          }
        ],
        "style": "two_hand"
      }
    ]
  },
  "collider": {
    "center": [
      0.0,
      0.0,
      -0.1
    ],
    "number": 3,
    "size": [
      0.4,
      0.4,
      0.6
    ]
  },
  "hit_particle": "wom:solar_hit",
  "offhand_item_compatible_predicate": [
    {
      "predicate": "epicfight:offhand_item_category",
      "category": "dagger"
    }
  ],
  "category": "dagger",
  "swing_sound": "epicfight:entity.weapon.whoosh_small",
  "combos": {
    "one_hand": [
      "epicfight:biped/combat/dagger_auto1",
      "epicfight:biped/combat/dagger_auto2",
      "epicfight:biped/combat/dagger_auto3",
      "epicfight:biped/combat/dagger_dash",
      "epicfight:biped/combat/dagger_airslash"
    ],
    "two_hand": [
      "epicfight:biped/combat/dagger_dual_auto1",
      "epicfight:biped/combat/dagger_dual_auto2",
      "epicfight:biped/combat/dagger_dual_auto3",
      "epicfight:biped/combat/dagger_dual_auto4",
      "epicfight:biped/combat/dagger_dual_dash",
      "epicfight:biped/combat/dagger_dual_airslash"
    ]
  },
  "hit_sound": "epicfight:entity.hit.blade",
  "innate_skills": {
    "one_hand": "epicfight:sweeping_edge",
    "two_hand": "epicfight:dancing_edge"
  },
  "usable_in_offhand": true
}