{
  "collider": {
    "center": [
      0.0,
      0.0,
      -1.0
    ],
    "number": 5,
    "size": [
      0.6,
      0.6,
      2.0
    ]
  },
  "combos": {
    "two_hand": [
      "wom:biped/combat/torment_auto_4",
      "wom:biped/combat/antitheus_auto_3",
      "wom:biped/combat/solar_auto_3",
      "wom:biped/combat/solar_auto_4",
      "cdmoveset:biped/new/spear_slash",
      "wom:biped/combat/torment_charged_attack_1",
      "wom:biped/combat/agony_clawstrike",
      "wom:biped/combat/solar_obscuridad_auto_4"
    ]
  },
  "styles": {
    "cases": [
      {
        "style": "two_hand",
        "conditions": [
          {
            "predicate": "epicfight:offhand_item_category",
            "category": "not_weapon"
          }
        ]
      }
    ],
    "default": "two_hand"
  },
  "innate_skills": {
    "two_hand": "wom:agony_plunge"
  },
  "category": "spear",
  "swing_sound": "epicfight:entity.weapon.whoosh_hard",
  "hit_particle": "wom:solar_hit",
  "livingmotion_modifier": {
    "two_hand": {
      "idle": "wom:biped/living/torment_idle",
      "run": "wom:biped/living/torment_run",
      "walk": "wom:biped/living/torment_walk",
      "block": "wom:biped/skill/agony_guard"
    }
  },
  "hit_sound": "epicfight:entity.hit.blade"
}