{
  "combos": {
    "one_hand": [
      "cdmoveset:biped/new/sword/sword_onehand_auto_1",
      "cdmoveset:biped/new/sword/sword_onehand_auto_4",
      "wom:biped/combat/agony_auto_1",
      "wom:biped/skill/herrscher_trane",
      "wom:biped/combat/herrscher_verdammnis",
      "wom:biped/combat/ruine_chatiment",
      "wom:biped/combat/herrscher_ausrottung"
    ],
    "ochs": [
      "epicfight:biped/combat/longsword_auto1",
      "epicfight:biped/combat/longsword_auto2",
      "wom:biped/combat/herrscher_auto_3",
      "wom:biped/skill/gezets_auto_1",
      "wom:biped/skill/gezets_auto_2",
      "wom:biped/skill/gezets_sprengkopf",
      "wom:biped/combat/herrscher_ausrottung"
    ],
    "two_hand": [
      "cdmoveset:biped/new/dual_tachi/dual_tachi_auto2",
      "wom:biped/combat/herrscher_auto_3",
      "cdmoveset:biped/new/dual_tachi/dual_tachi_auto3",
      "cdmoveset:biped/new/dual_tachi/dual_tachi_auto4",
      "cdmoveset:biped/new/dagger/skill/blade_rush_finisher",
      "cdmoveset:biped/new/dual_greatsword/combat/greatsword_dual_airslash"
    ]
  },
  "innate_skills": {
    "two_hand": "epicfight:wrathful_lighting",
    "one_hand": "cdmoveset:sword_slash",
    "ochs": "wom:agony_plunge"
  },
  "category": "sword",
  "offhand_item_compatible_predicate": [
    {
      "category": "sword",
      "predicate": "epicfight:offhand_item_category"
    }
  ],
  "collider": {
    "number": 5,
    "center": [
      0.0,
      0.0,
      -0.75
    ],
    "size": [
      0.4,
      0.4,
      0.8
    ]
  },
  "livingmotion_modifier": {
    "one_hand": {
      "block": "cdmoveset:biped/hit/guard_longsword",
      "walk": "epicfight:biped/living/walk_longsword",
      "run": "epicfight:biped/living/run_longsword",
      "idle": "epicfight:biped/living/hold_longsword"
    },
    "ochs": {
      "walk": "wom:biped/living/herrscher_walk",
      "block": "wom:biped/skill/herrscher_guard",
      "run": "wom:biped/living/herrscher_run",
      "idle": "wom:biped/living/herrscher_idle"
    },
    "two_hand": {
      "walk": "epicfight:biped/living/walk",
      "idle": "cdmoveset:biped/new/dual_greatsword/living/greatsword_dual_idle",
      "run": "epicfight:biped/living/run_dual",
      "block": "wom:biped/skill/ruine_block"
    }
  },
  "swing_sound": "epicfight:entity.weapon.whoosh_rod",
  "hit_particle": "wom:solar_hit",
  "styles": {
    "cases": [
      {
        "conditions": [
          {
            "predicate": "epicfight:offhand_item_category",
            "category": "not_weapon"
          }
        ],
        "style": "one_hand"
      },
      {
        "conditions": [
          {
            "category": "sword",
            "predicate": "epicfight:offhand_item_category"
          }
        ],
        "style": "two_hand"
      },
      {
        "conditions": [
          {
            "category": "shield",
            "predicate": "epicfight:offhand_item_category"
          }
        ],
        "style": "ochs"
      }
    ],
    "default": "one_hand"
  },
  "hit_sound": "epicfight:entity.hit.blade",
  "usable_in_offhand": true
}